frame_id,x,y,z
map,-0.7449999451637268,-2.075000047683716,0.0
map,-0.6949999928474426,-2.075000047683716,0.0
map,-0.6449999809265137,-2.075000047683716,0.0
map,-0.5949999690055847,-2.075000047683716,0.0
map,-0.5449999570846558,-2.075000047683716,0.0
map,-0.4949999749660492,-2.075000047683716,0.0
map,-0.44499996304512024,-2.075000047683716,0.0
map,-0.3949999511241913,-2.075000047683716,0.0
map,-0.3449999690055847,-2.075000047683716,0.0
map,-0.29499995708465576,-2.075000047683716,0.0
map,-0.244999960064888,-2.075000047683716,0.0
map,-0.19499996304512024,-2.075000047683716,0.0
map,-0.14499996602535248,-2.075000047683716,0.0
map,-0.09499996155500412,-2.075000047683716,0.0
map,-0.04499995708465576,-2.075000047683716,0.0
map,0.005000043660402298,-2.075000047683716,0.0
map,0.05500004440546036,-2.075000047683716,0.0
map,0.10500004142522812,-2.075000047683716,0.0
map,0.15500004589557648,-2.075000047683716,0.0
map,0.20500004291534424,-2.075000047683716,0.0
map,0.2550000548362732,-2.075000047683716,0.0
map,0.30500003695487976,-2.075000047683716,0.0
map,0.3550000488758087,-2.075000047683716,0.0
map,0.40500006079673767,-2.075000047683716,0.0
map,0.45500004291534424,-2.075000047683716,0.0
map,0.5050000548362732,-2.075000047683716,0.0
map,0.5550000667572021,-2.075000047683716,0.0
map,0.6050000786781311,-2.075000047683716,0.0
map,0.6550000309944153,-2.075000047683716,0.0
map,0.7050000429153442,-2.075000047683716,0.0
map,0.7550000548362732,-2.075000047683716,0.0
map,0.8050000667572021,-2.075000047683716,0.0
map,-0.7449999451637268,-2.0250000953674316,0.0
map,-0.6949999928474426,-2.0250000953674316,0.0
map,-0.6449999809265137,-2.0250000953674316,0.0
map,-0.5949999690055847,-2.0250000953674316,0.0
map,-0.5449999570846558,-2.0250000953674316,0.0
map,-0.4949999749660492,-2.0250000953674316,0.0
map,-0.44499996304512024,-2.0250000953674316,0.0
map,-0.3949999511241913,-2.0250000953674316,0.0
map,-0.3449999690055847,-2.0250000953674316,0.0
map,-0.29499995708465576,-2.0250000953674316,0.0
map,-0.244999960064888,-2.0250000953674316,0.0
map,-0.19499996304512024,-2.0250000953674316,0.0
map,-0.14499996602535248,-2.0250000953674316,0.0
map,-0.09499996155500412,-2.0250000953674316,0.0
map,-0.04499995708465576,-2.0250000953674316,0.0
map,0.005000043660402298,-2.0250000953674316,0.0
map,0.05500004440546036,-2.0250000953674316,0.0
map,0.10500004142522812,-2.0250000953674316,0.0
map,0.15500004589557648,-2.0250000953674316,0.0
map,0.20500004291534424,-2.0250000953674316,0.0
map,0.2550000548362732,-2.0250000953674316,0.0
map,0.30500003695487976,-2.0250000953674316,0.0
map,0.3550000488758087,-2.0250000953674316,0.0
map,0.40500006079673767,-2.0250000953674316,0.0
map,0.45500004291534424,-2.0250000953674316,0.0
map,0.5050000548362732,-2.0250000953674316,0.0
map,0.5550000667572021,-2.0250000953674316,0.0
map,0.6050000786781311,-2.0250000953674316,0.0
map,0.6550000309944153,-2.0250000953674316,0.0
map,0.7050000429153442,-2.0250000953674316,0.0
map,0.7550000548362732,-2.0250000953674316,0.0
map,0.8050000667572021,-2.0250000953674316,0.0
map,0.8550000786781311,-2.0250000953674316,0.0
map,-0.7949999570846558,-1.975000023841858,0.0
map,-0.7449999451637268,-1.975000023841858,0.0
map,-0.6949999928474426,-1.975000023841858,0.0
map,-0.6449999809265137,-1.975000023841858,0.0
map,-0.5949999690055847,-1.975000023841858,0.0
map,-0.5449999570846558,-1.975000023841858,0.0
map,-0.4949999749660492,-1.975000023841858,0.0
map,-0.44499996304512024,-1.975000023841858,0.0
map,-0.3949999511241913,-1.975000023841858,0.0
map,-0.3449999690055847,-1.975000023841858,0.0
map,-0.29499995708465576,-1.975000023841858,0.0
map,-0.244999960064888,-1.975000023841858,0.0
map,-0.19499996304512024,-1.975000023841858,0.0
map,-0.14499996602535248,-1.975000023841858,0.0
map,-0.09499996155500412,-1.975000023841858,0.0
map,-0.04499995708465576,-1.975000023841858,0.0
map,0.005000043660402298,-1.975000023841858,0.0
map,0.05500004440546036,-1.975000023841858,0.0
map,0.10500004142522812,-1.975000023841858,0.0
map,0.15500004589557648,-1.975000023841858,0.0
map,0.20500004291534424,-1.975000023841858,0.0
map,0.2550000548362732,-1.975000023841858,0.0
map,0.30500003695487976,-1.975000023841858,0.0
map,0.3550000488758087,-1.975000023841858,0.0
map,0.40500006079673767,-1.975000023841858,0.0
map,0.45500004291534424,-1.975000023841858,0.0
map,0.5050000548362732,-1.975000023841858,0.0
map,0.5550000667572021,-1.975000023841858,0.0
map,0.6050000786781311,-1.975000023841858,0.0
map,0.6550000309944153,-1.975000023841858,0.0
map,0.7050000429153442,-1.975000023841858,0.0
map,0.7550000548362732,-1.975000023841858,0.0
map,0.8050000667572021,-1.975000023841858,0.0
map,0.8550000786781311,-1.975000023841858,0.0
map,0.9050000309944153,-1.975000023841858,0.0
map,-0.8449999690055847,-1.9249999523162842,0.0
map,-0.7949999570846558,-1.9249999523162842,0.0
map,-0.7449999451637268,-1.9249999523162842,0.0
map,-0.6949999928474426,-1.9249999523162842,0.0
map,-0.6449999809265137,-1.9249999523162842,0.0
map,-0.5949999690055847,-1.9249999523162842,0.0
map,-0.5449999570846558,-1.9249999523162842,0.0
map,-0.4949999749660492,-1.9249999523162842,0.0
map,-0.44499996304512024,-1.9249999523162842,0.0
map,-0.3949999511241913,-1.9249999523162842,0.0
map,-0.3449999690055847,-1.9249999523162842,0.0
map,-0.29499995708465576,-1.9249999523162842,0.0
map,-0.244999960064888,-1.9249999523162842,0.0
map,-0.19499996304512024,-1.9249999523162842,0.0
map,-0.14499996602535248,-1.9249999523162842,0.0
map,-0.09499996155500412,-1.9249999523162842,0.0
map,-0.04499995708465576,-1.9249999523162842,0.0
map,0.005000043660402298,-1.9249999523162842,0.0
map,0.05500004440546036,-1.9249999523162842,0.0
map,0.10500004142522812,-1.9249999523162842,0.0
map,0.15500004589557648,-1.9249999523162842,0.0
map,0.20500004291534424,-1.9249999523162842,0.0
map,0.2550000548362732,-1.9249999523162842,0.0
map,0.30500003695487976,-1.9249999523162842,0.0
map,0.3550000488758087,-1.9249999523162842,0.0
map,0.40500006079673767,-1.9249999523162842,0.0
map,0.45500004291534424,-1.9249999523162842,0.0
map,0.5050000548362732,-1.9249999523162842,0.0
map,0.5550000667572021,-1.9249999523162842,0.0
map,0.6050000786781311,-1.9249999523162842,0.0
map,0.6550000309944153,-1.9249999523162842,0.0
map,0.7050000429153442,-1.9249999523162842,0.0
map,0.7550000548362732,-1.9249999523162842,0.0
map,0.8050000667572021,-1.9249999523162842,0.0
map,0.8550000786781311,-1.9249999523162842,0.0
map,0.9050000309944153,-1.9249999523162842,0.0
map,-0.8449999690055847,-1.875,0.0
map,-0.7949999570846558,-1.875,0.0
map,-0.7449999451637268,-1.875,0.0
map,-0.6949999928474426,-1.875,0.0
map,-0.6449999809265137,-1.875,0.0
map,-0.5949999690055847,-1.875,0.0
map,-0.5449999570846558,-1.875,0.0
map,-0.4949999749660492,-1.875,0.0
map,-0.44499996304512024,-1.875,0.0
map,-0.3949999511241913,-1.875,0.0
map,-0.3449999690055847,-1.875,0.0
map,-0.29499995708465576,-1.875,0.0
map,-0.244999960064888,-1.875,0.0
map,-0.19499996304512024,-1.875,0.0
map,-0.14499996602535248,-1.875,0.0
map,-0.09499996155500412,-1.875,0.0
map,-0.04499995708465576,-1.875,0.0
map,0.005000043660402298,-1.875,0.0
map,0.05500004440546036,-1.875,0.0
map,0.10500004142522812,-1.875,0.0
map,0.15500004589557648,-1.875,0.0
map,0.20500004291534424,-1.875,0.0
map,0.2550000548362732,-1.875,0.0
map,0.30500003695487976,-1.875,0.0
map,0.3550000488758087,-1.875,0.0
map,0.40500006079673767,-1.875,0.0
map,0.45500004291534424,-1.875,0.0
map,0.5050000548362732,-1.875,0.0
map,0.5550000667572021,-1.875,0.0
map,0.6050000786781311,-1.875,0.0
map,0.6550000309944153,-1.875,0.0
map,0.7050000429153442,-1.875,0.0
map,0.7550000548362732,-1.875,0.0
map,0.8050000667572021,-1.875,0.0
map,0.8550000786781311,-1.875,0.0
map,0.9050000309944153,-1.875,0.0
map,0.9550000429153442,-1.875,0.0
map,-0.8949999809265137,-1.8250000476837158,0.0
map,-0.8449999690055847,-1.8250000476837158,0.0
map,-0.7949999570846558,-1.8250000476837158,0.0
map,-0.7449999451637268,-1.8250000476837158,0.0
map,-0.6949999928474426,-1.8250000476837158,0.0
map,-0.6449999809265137,-1.8250000476837158,0.0
map,-0.5949999690055847,-1.8250000476837158,0.0
map,-0.5449999570846558,-1.8250000476837158,0.0
map,-0.4949999749660492,-1.8250000476837158,0.0
map,-0.44499996304512024,-1.8250000476837158,0.0
map,-0.3949999511241913,-1.8250000476837158,0.0
map,-0.3449999690055847,-1.8250000476837158,0.0
map,-0.29499995708465576,-1.8250000476837158,0.0
map,-0.244999960064888,-1.8250000476837158,0.0
map,-0.19499996304512024,-1.8250000476837158,0.0
map,-0.14499996602535248,-1.8250000476837158,0.0
map,-0.09499996155500412,-1.8250000476837158,0.0
map,-0.04499995708465576,-1.8250000476837158,0.0
map,0.005000043660402298,-1.8250000476837158,0.0
map,0.05500004440546036,-1.8250000476837158,0.0
map,0.10500004142522812,-1.8250000476837158,0.0
map,0.15500004589557648,-1.8250000476837158,0.0
map,0.20500004291534424,-1.8250000476837158,0.0
map,0.2550000548362732,-1.8250000476837158,0.0
map,0.30500003695487976,-1.8250000476837158,0.0
map,0.3550000488758087,-1.8250000476837158,0.0
map,0.40500006079673767,-1.8250000476837158,0.0
map,0.45500004291534424,-1.8250000476837158,0.0
map,0.5050000548362732,-1.8250000476837158,0.0
map,0.5550000667572021,-1.8250000476837158,0.0
map,0.6050000786781311,-1.8250000476837158,0.0
map,0.6550000309944153,-1.8250000476837158,0.0
map,0.7050000429153442,-1.8250000476837158,0.0
map,0.7550000548362732,-1.8250000476837158,0.0
map,0.8050000667572021,-1.8250000476837158,0.0
map,0.8550000786781311,-1.8250000476837158,0.0
map,0.9050000309944153,-1.8250000476837158,0.0
map,0.9550000429153442,-1.8250000476837158,0.0
map,-0.9449999928474426,-1.774999976158142,0.0
map,-0.8949999809265137,-1.774999976158142,0.0
map,-0.8449999690055847,-1.774999976158142,0.0
map,-0.7949999570846558,-1.774999976158142,0.0
map,-0.7449999451637268,-1.774999976158142,0.0
map,-0.6949999928474426,-1.774999976158142,0.0
map,-0.6449999809265137,-1.774999976158142,0.0
map,-0.5949999690055847,-1.774999976158142,0.0
map,-0.5449999570846558,-1.774999976158142,0.0
map,-0.4949999749660492,-1.774999976158142,0.0
map,-0.44499996304512024,-1.774999976158142,0.0
map,-0.3949999511241913,-1.774999976158142,0.0
map,-0.3449999690055847,-1.774999976158142,0.0
map,-0.29499995708465576,-1.774999976158142,0.0
map,-0.244999960064888,-1.774999976158142,0.0
map,-0.19499996304512024,-1.774999976158142,0.0
map,-0.14499996602535248,-1.774999976158142,0.0
map,-0.09499996155500412,-1.774999976158142,0.0
map,-0.04499995708465576,-1.774999976158142,0.0
map,0.005000043660402298,-1.774999976158142,0.0
map,0.05500004440546036,-1.774999976158142,0.0
map,0.10500004142522812,-1.774999976158142,0.0
map,0.15500004589557648,-1.774999976158142,0.0
map,0.20500004291534424,-1.774999976158142,0.0
map,0.2550000548362732,-1.774999976158142,0.0
map,0.30500003695487976,-1.774999976158142,0.0
map,0.3550000488758087,-1.774999976158142,0.0
map,0.40500006079673767,-1.774999976158142,0.0
map,0.45500004291534424,-1.774999976158142,0.0
map,0.5050000548362732,-1.774999976158142,0.0
map,0.5550000667572021,-1.774999976158142,0.0
map,0.6050000786781311,-1.774999976158142,0.0
map,0.6550000309944153,-1.774999976158142,0.0
map,0.7050000429153442,-1.774999976158142,0.0
map,0.7550000548362732,-1.774999976158142,0.0
map,0.8050000667572021,-1.774999976158142,0.0
map,0.8550000786781311,-1.774999976158142,0.0
map,0.9050000309944153,-1.774999976158142,0.0
map,0.9550000429153442,-1.774999976158142,0.0
map,1.005000114440918,-1.774999976158142,0.0
map,-0.9449999928474426,-1.725000023841858,0.0
map,-0.8949999809265137,-1.725000023841858,0.0
map,-0.8449999690055847,-1.725000023841858,0.0
map,-0.7949999570846558,-1.725000023841858,0.0
map,-0.7449999451637268,-1.725000023841858,0.0
map,-0.6949999928474426,-1.725000023841858,0.0
map,-0.6449999809265137,-1.725000023841858,0.0
map,-0.5949999690055847,-1.725000023841858,0.0
map,-0.5449999570846558,-1.725000023841858,0.0
map,-0.4949999749660492,-1.725000023841858,0.0
map,-0.44499996304512024,-1.725000023841858,0.0
map,-0.3949999511241913,-1.725000023841858,0.0
map,-0.3449999690055847,-1.725000023841858,0.0
map,-0.29499995708465576,-1.725000023841858,0.0
map,-0.244999960064888,-1.725000023841858,0.0
map,-0.19499996304512024,-1.725000023841858,0.0
map,-0.14499996602535248,-1.725000023841858,0.0
map,-0.09499996155500412,-1.725000023841858,0.0
map,-0.04499995708465576,-1.725000023841858,0.0
map,0.005000043660402298,-1.725000023841858,0.0
map,0.05500004440546036,-1.725000023841858,0.0
map,0.10500004142522812,-1.725000023841858,0.0
map,0.15500004589557648,-1.725000023841858,0.0
map,0.20500004291534424,-1.725000023841858,0.0
map,0.2550000548362732,-1.725000023841858,0.0
map,0.30500003695487976,-1.725000023841858,0.0
map,0.3550000488758087,-1.725000023841858,0.0
map,0.40500006079673767,-1.725000023841858,0.0
map,0.45500004291534424,-1.725000023841858,0.0
map,0.5050000548362732,-1.725000023841858,0.0
map,0.5550000667572021,-1.725000023841858,0.0
map,0.6050000786781311,-1.725000023841858,0.0
map,0.6550000309944153,-1.725000023841858,0.0
map,0.7050000429153442,-1.725000023841858,0.0
map,0.7550000548362732,-1.725000023841858,0.0
map,0.8050000667572021,-1.725000023841858,0.0
map,0.8550000786781311,-1.725000023841858,0.0
map,0.9050000309944153,-1.725000023841858,0.0
map,0.9550000429153442,-1.725000023841858,0.0
map,1.005000114440918,-1.725000023841858,0.0
map,-0.9949999451637268,-1.6749999523162842,0.0
map,-0.9449999928474426,-1.6749999523162842,0.0
map,-0.8949999809265137,-1.6749999523162842,0.0
map,-0.8449999690055847,-1.6749999523162842,0.0
map,-0.7949999570846558,-1.6749999523162842,0.0
map,-0.7449999451637268,-1.6749999523162842,0.0
map,-0.6949999928474426,-1.6749999523162842,0.0
map,-0.6449999809265137,-1.6749999523162842,0.0
map,-0.5949999690055847,-1.6749999523162842,0.0
map,-0.5449999570846558,-1.6749999523162842,0.0
map,-0.4949999749660492,-1.6749999523162842,0.0
map,-0.44499996304512024,-1.6749999523162842,0.0
map,-0.3949999511241913,-1.6749999523162842,0.0
map,-0.3449999690055847,-1.6749999523162842,0.0
map,-0.29499995708465576,-1.6749999523162842,0.0
map,-0.244999960064888,-1.6749999523162842,0.0
map,-0.19499996304512024,-1.6749999523162842,0.0
map,0.2550000548362732,-1.6749999523162842,0.0
map,0.30500003695487976,-1.6749999523162842,0.0
map,0.3550000488758087,-1.6749999523162842,0.0
map,0.40500006079673767,-1.6749999523162842,0.0
map,0.45500004291534424,-1.6749999523162842,0.0
map,0.5050000548362732,-1.6749999523162842,0.0
map,0.5550000667572021,-1.6749999523162842,0.0
map,0.6050000786781311,-1.6749999523162842,0.0
map,0.6550000309944153,-1.6749999523162842,0.0
map,0.7050000429153442,-1.6749999523162842,0.0
map,0.7550000548362732,-1.6749999523162842,0.0
map,0.8050000667572021,-1.6749999523162842,0.0
map,0.8550000786781311,-1.6749999523162842,0.0
map,0.9050000309944153,-1.6749999523162842,0.0
map,0.9550000429153442,-1.6749999523162842,0.0
map,1.005000114440918,-1.6749999523162842,0.0
map,1.0550000667572021,-1.6749999523162842,0.0
map,-0.7449999451637268,-1.625,0.0
map,-0.6949999928474426,-1.625,0.0
map,-0.6449999809265137,-1.625,0.0
map,-0.5949999690055847,-1.625,0.0
map,-0.5449999570846558,-1.625,0.0
map,-0.4949999749660492,-1.625,0.0
map,-0.44499996304512024,-1.625,0.0
map,-0.3949999511241913,-1.625,0.0
map,-0.3449999690055847,-1.625,0.0
map,-0.29499995708465576,-1.625,0.0
map,0.3550000488758087,-1.625,0.0
map,0.40500006079673767,-1.625,0.0
map,0.45500004291534424,-1.625,0.0
map,0.5050000548362732,-1.625,0.0
map,0.5550000667572021,-1.625,0.0
map,0.6050000786781311,-1.625,0.0
map,0.6550000309944153,-1.625,0.0
map,0.7050000429153442,-1.625,0.0
map,0.7550000548362732,-1.625,0.0
map,0.8050000667572021,-1.625,0.0
map,-0.6449999809265137,-1.5749999284744263,0.0
map,-0.5949999690055847,-1.5749999284744263,0.0
map,-0.5449999570846558,-1.5749999284744263,0.0
map,-0.4949999749660492,-1.5749999284744263,0.0
map,-0.44499996304512024,-1.5749999284744263,0.0
map,-0.3949999511241913,-1.5749999284744263,0.0
map,-0.3449999690055847,-1.5749999284744263,0.0
map,0.45500004291534424,-1.5749999284744263,0.0
map,0.5050000548362732,-1.5749999284744263,0.0
map,0.5550000667572021,-1.5749999284744263,0.0
map,0.6050000786781311,-1.5749999284744263,0.0
map,0.6550000309944153,-1.5749999284744263,0.0
map,0.7050000429153442,-1.5749999284744263,0.0
map,-0.5949999690055847,-1.524999976158142,0.0
map,-0.5449999570846558,-1.524999976158142,0.0
map,-0.4949999749660492,-1.524999976158142,0.0
map,-0.44499996304512024,-1.524999976158142,0.0
map,-0.3949999511241913,-1.524999976158142,0.0
map,0.5050000548362732,-1.524999976158142,0.0
map,0.5550000667572021,-1.524999976158142,0.0
map,0.6050000786781311,-1.524999976158142,0.0
map,0.6550000309944153,-1.524999976158142,0.0
map,-0.5449999570846558,-1.475000023841858,0.0
map,-0.4949999749660492,-1.475000023841858,0.0
map,-0.44499996304512024,-1.475000023841858,0.0
map,0.5550000667572021,-1.475000023841858,0.0
map,0.6050000786781311,-1.475000023841858,0.0
map,-0.5449999570846558,-1.4249999523162842,0.0
map,-0.4949999749660492,-1.4249999523162842,0.0
map,0.5550000667572021,-1.4249999523162842,0.0
map,0.6050000786781311,-1.4249999523162842,0.0
map,-0.4949999749660492,-1.375,0.0
map,-1.6449999809265137,-1.1749999523162842,0.0
map,-1.6449999809265137,-1.125,0.0
map,1.755000114440918,-1.125,0.0
map,-1.6949999332427979,-1.0749999284744263,0.0
map,-1.6449999809265137,-1.0749999284744263,0.0
map,1.755000114440918,-1.0749999284744263,0.0
map,-1.7450000047683716,-1.024999976158142,0.0
map,-1.6949999332427979,-1.024999976158142,0.0
map,-1.6449999809265137,-1.024999976158142,0.0
map,1.755000114440918,-1.024999976158142,0.0
map,1.8050000667572021,-1.024999976158142,0.0
map,-1.7450000047683716,-0.9749999642372131,0.0
map,-1.6949999332427979,-0.9749999642372131,0.0
map,-1.6449999809265137,-0.9749999642372131,0.0
map,1.755000114440918,-0.9749999642372131,0.0
map,1.8050000667572021,-0.9749999642372131,0.0
map,-1.7949999570846558,-0.9249999523162842,0.0
map,-1.7450000047683716,-0.9249999523162842,0.0
map,-1.6949999332427979,-0.9249999523162842,0.0
map,-1.6449999809265137,-0.9249999523162842,0.0
map,1.755000114440918,-0.9249999523162842,0.0
map,1.8050000667572021,-0.9249999523162842,0.0
map,1.8550000190734863,-0.9249999523162842,0.0
map,-1.7949999570846558,-0.875,0.0
map,-1.7450000047683716,-0.875,0.0
map,-1.6949999332427979,-0.875,0.0
map,-1.6449999809265137,-0.875,0.0
map,1.7050000429153442,-0.875,0.0
map,1.755000114440918,-0.875,0.0
map,1.8050000667572021,-0.875,0.0
map,1.8550000190734863,-0.875,0.0
map,1.90500009059906,-0.875,0.0
map,-1.8450000286102295,-0.824999988079071,0.0
map,-1.7949999570846558,-0.824999988079071,0.0
map,-1.7450000047683716,-0.824999988079071,0.0
map,-1.6949999332427979,-0.824999988079071,0.0
map,-1.6449999809265137,-0.824999988079071,0.0
map,-0.4949999749660492,-0.824999988079071,0.0
map,1.7050000429153442,-0.824999988079071,0.0
map,1.755000114440918,-0.824999988079071,0.0
map,1.8050000667572021,-0.824999988079071,0.0
map,1.8550000190734863,-0.824999988079071,0.0
map,1.90500009059906,-0.824999988079071,0.0
map,-1.8450000286102295,-0.7749999761581421,0.0
map,-1.7949999570846558,-0.7749999761581421,0.0
map,-1.7450000047683716,-0.7749999761581421,0.0
map,-1.6949999332427979,-0.7749999761581421,0.0
map,-1.6449999809265137,-0.7749999761581421,0.0
map,-1.5950000286102295,-0.7749999761581421,0.0
map,-0.5449999570846558,-0.7749999761581421,0.0
map,-0.4949999749660492,-0.7749999761581421,0.0
map,0.6050000786781311,-0.7749999761581421,0.0
map,1.65500009059906,-0.7749999761581421,0.0
map,1.7050000429153442,-0.7749999761581421,0.0
map,1.755000114440918,-0.7749999761581421,0.0
map,1.8050000667572021,-0.7749999761581421,0.0
map,1.8550000190734863,-0.7749999761581421,0.0
map,1.90500009059906,-0.7749999761581421,0.0
map,1.9550000429153442,-0.7749999761581421,0.0
map,-1.8949999809265137,-0.7249999642372131,0.0
map,-1.8450000286102295,-0.7249999642372131,0.0
map,-1.7949999570846558,-0.7249999642372131,0.0
map,-1.7450000047683716,-0.7249999642372131,0.0
map,-1.6949999332427979,-0.7249999642372131,0.0
map,-1.6449999809265137,-0.7249999642372131,0.0
map,-1.5950000286102295,-0.7249999642372131,0.0
map,-0.5449999570846558,-0.7249999642372131,0.0
map,-0.4949999749660492,-0.7249999642372131,0.0
map,-0.44499996304512024,-0.7249999642372131,0.0
map,0.5550000667572021,-0.7249999642372131,0.0
map,0.6050000786781311,-0.7249999642372131,0.0
map,1.65500009059906,-0.7249999642372131,0.0
map,1.7050000429153442,-0.7249999642372131,0.0
map,1.755000114440918,-0.7249999642372131,0.0
map,1.8050000667572021,-0.7249999642372131,0.0
map,1.8550000190734863,-0.7249999642372131,0.0
map,1.90500009059906,-0.7249999642372131,0.0
map,1.9550000429153442,-0.7249999642372131,0.0
map,-1.8949999809265137,-0.6749999523162842,0.0
map,-1.8450000286102295,-0.6749999523162842,0.0
map,-1.7949999570846558,-0.6749999523162842,0.0
map,-1.7450000047683716,-0.6749999523162842,0.0
map,-1.6949999332427979,-0.6749999523162842,0.0
map,-1.6449999809265137,-0.6749999523162842,0.0
map,-1.5950000286102295,-0.6749999523162842,0.0
map,-1.5449999570846558,-0.6749999523162842,0.0
map,-0.5949999690055847,-0.6749999523162842,0.0
map,-0.5449999570846558,-0.6749999523162842,0.0
map,-0.4949999749660492,-0.6749999523162842,0.0
map,-0.44499996304512024,-0.6749999523162842,0.0
map,-0.3949999511241913,-0.6749999523162842,0.0
map,0.5050000548362732,-0.6749999523162842,0.0
map,0.5550000667572021,-0.6749999523162842,0.0
map,0.6050000786781311,-0.6749999523162842,0.0
map,0.6550000309944153,-0.6749999523162842,0.0
map,1.6050000190734863,-0.6749999523162842,0.0
map,1.65500009059906,-0.6749999523162842,0.0
map,1.7050000429153442,-0.6749999523162842,0.0
map,1.755000114440918,-0.6749999523162842,0.0
map,1.8050000667572021,-0.6749999523162842,0.0
map,1.8550000190734863,-0.6749999523162842,0.0
map,1.90500009059906,-0.6749999523162842,0.0
map,1.9550000429153442,-0.6749999523162842,0.0
map,2.005000114440918,-0.6749999523162842,0.0
map,-1.9449999332427979,-0.625,0.0
map,-1.8949999809265137,-0.625,0.0
map,-1.8450000286102295,-0.625,0.0
map,-1.7949999570846558,-0.625,0.0
map,-1.7450000047683716,-0.625,0.0
map,-1.6949999332427979,-0.625,0.0
map,-1.6449999809265137,-0.625,0.0
map,-1.5950000286102295,-0.625,0.0
map,-1.5449999570846558,-0.625,0.0
map,-1.4950000047683716,-0.625,0.0
map,-0.6449999809265137,-0.625,0.0
map,-0.5949999690055847,-0.625,0.0
map,-0.5449999570846558,-0.625,0.0
map,-0.4949999749660492,-0.625,0.0
map,-0.44499996304512024,-0.625,0.0
map,-0.3949999511241913,-0.625,0.0
map,-0.3449999690055847,-0.625,0.0
map,0.45500004291534424,-0.625,0.0
map,0.5050000548362732,-0.625,0.0
map,0.5550000667572021,-0.625,0.0
map,0.6050000786781311,-0.625,0.0
map,0.6550000309944153,-0.625,0.0
map,0.7050000429153442,-0.625,0.0
map,1.5550000667572021,-0.625,0.0
map,1.6050000190734863,-0.625,0.0
map,1.65500009059906,-0.625,0.0
map,1.7050000429153442,-0.625,0.0
map,1.755000114440918,-0.625,0.0
map,1.8050000667572021,-0.625,0.0
map,1.8550000190734863,-0.625,0.0
map,1.90500009059906,-0.625,0.0
map,1.9550000429153442,-0.625,0.0
map,2.005000114440918,-0.625,0.0
map,-1.9950000047683716,-0.574999988079071,0.0
map,-1.9449999332427979,-0.574999988079071,0.0
map,-1.8949999809265137,-0.574999988079071,0.0
map,-1.8450000286102295,-0.574999988079071,0.0
map,-1.7949999570846558,-0.574999988079071,0.0
map,-1.7450000047683716,-0.574999988079071,0.0
map,-1.6949999332427979,-0.574999988079071,0.0
map,-1.6449999809265137,-0.574999988079071,0.0
map,-1.5950000286102295,-0.574999988079071,0.0
map,-1.5449999570846558,-0.574999988079071,0.0
map,-1.4950000047683716,-0.574999988079071,0.0
map,-1.4449999332427979,-0.574999988079071,0.0
map,-1.3949999809265137,-0.574999988079071,0.0
map,-0.7449999451637268,-0.574999988079071,0.0
map,-0.6949999928474426,-0.574999988079071,0.0
map,-0.6449999809265137,-0.574999988079071,0.0
map,-0.5949999690055847,-0.574999988079071,0.0
map,-0.5449999570846558,-0.574999988079071,0.0
map,-0.4949999749660492,-0.574999988079071,0.0
map,-0.44499996304512024,-0.574999988079071,0.0
map,-0.3949999511241913,-0.574999988079071,0.0
map,-0.3449999690055847,-0.574999988079071,0.0
map,-0.29499995708465576,-0.574999988079071,0.0
map,0.3550000488758087,-0.574999988079071,0.0
map,0.40500006079673767,-0.574999988079071,0.0
map,0.45500004291534424,-0.574999988079071,0.0
map,0.5050000548362732,-0.574999988079071,0.0
map,0.5550000667572021,-0.574999988079071,0.0
map,0.6050000786781311,-0.574999988079071,0.0
map,0.6550000309944153,-0.574999988079071,0.0
map,0.7050000429153442,-0.574999988079071,0.0
map,0.7550000548362732,-0.574999988079071,0.0
map,1.505000114440918,-0.574999988079071,0.0
map,1.5550000667572021,-0.574999988079071,0.0
map,1.6050000190734863,-0.574999988079071,0.0
map,1.65500009059906,-0.574999988079071,0.0
map,1.7050000429153442,-0.574999988079071,0.0
map,1.755000114440918,-0.574999988079071,0.0
map,1.8050000667572021,-0.574999988079071,0.0
map,1.8550000190734863,-0.574999988079071,0.0
map,1.90500009059906,-0.574999988079071,0.0
map,1.9550000429153442,-0.574999988079071,0.0
map,2.005000114440918,-0.574999988079071,0.0
map,2.055000066757202,-0.574999988079071,0.0
map,-1.9950000047683716,-0.5249999761581421,0.0
map,-1.9449999332427979,-0.5249999761581421,0.0
map,-1.8949999809265137,-0.5249999761581421,0.0
map,-1.8450000286102295,-0.5249999761581421,0.0
map,-1.7949999570846558,-0.5249999761581421,0.0
map,-1.7450000047683716,-0.5249999761581421,0.0
map,-1.6949999332427979,-0.5249999761581421,0.0
map,-1.6449999809265137,-0.5249999761581421,0.0
map,-1.5950000286102295,-0.5249999761581421,0.0
map,-1.5449999570846558,-0.5249999761581421,0.0
map,-1.4950000047683716,-0.5249999761581421,0.0
map,-1.4449999332427979,-0.5249999761581421,0.0
map,-1.3949999809265137,-0.5249999761581421,0.0
map,-0.7449999451637268,-0.5249999761581421,0.0
map,-0.6949999928474426,-0.5249999761581421,0.0
map,-0.6449999809265137,-0.5249999761581421,0.0
map,-0.5949999690055847,-0.5249999761581421,0.0
map,-0.5449999570846558,-0.5249999761581421,0.0
map,-0.4949999749660492,-0.5249999761581421,0.0
map,-0.44499996304512024,-0.5249999761581421,0.0
map,-0.3949999511241913,-0.5249999761581421,0.0
map,-0.3449999690055847,-0.5249999761581421,0.0
map,-0.29499995708465576,-0.5249999761581421,0.0
map,0.3550000488758087,-0.5249999761581421,0.0
map,0.40500006079673767,-0.5249999761581421,0.0
map,0.45500004291534424,-0.5249999761581421,0.0
map,0.5050000548362732,-0.5249999761581421,0.0
map,0.5550000667572021,-0.5249999761581421,0.0
map,0.6050000786781311,-0.5249999761581421,0.0
map,0.6550000309944153,-0.5249999761581421,0.0
map,0.7050000429153442,-0.5249999761581421,0.0
map,0.7550000548362732,-0.5249999761581421,0.0
map,0.8050000667572021,-0.5249999761581421,0.0
map,1.40500009059906,-0.5249999761581421,0.0
map,1.4550000429153442,-0.5249999761581421,0.0
map,1.505000114440918,-0.5249999761581421,0.0
map,1.5550000667572021,-0.5249999761581421,0.0
map,1.6050000190734863,-0.5249999761581421,0.0
map,1.65500009059906,-0.5249999761581421,0.0
map,1.7050000429153442,-0.5249999761581421,0.0
map,1.755000114440918,-0.5249999761581421,0.0
map,1.8050000667572021,-0.5249999761581421,0.0
map,1.8550000190734863,-0.5249999761581421,0.0
map,1.90500009059906,-0.5249999761581421,0.0
map,1.9550000429153442,-0.5249999761581421,0.0
map,2.005000114440918,-0.5249999761581421,0.0
map,2.055000066757202,-0.5249999761581421,0.0
map,2.1050000190734863,-0.5249999761581421,0.0
map,-2.0450000762939453,-0.47499996423721313,0.0
map,-1.9950000047683716,-0.47499996423721313,0.0
map,-1.9449999332427979,-0.47499996423721313,0.0
map,-1.8949999809265137,-0.47499996423721313,0.0
map,-1.8450000286102295,-0.47499996423721313,0.0
map,-1.7949999570846558,-0.47499996423721313,0.0
map,-1.7450000047683716,-0.47499996423721313,0.0
map,-1.6949999332427979,-0.47499996423721313,0.0
map,-1.6449999809265137,-0.47499996423721313,0.0
map,-1.5950000286102295,-0.47499996423721313,0.0
map,-1.5449999570846558,-0.47499996423721313,0.0
map,-1.4950000047683716,-0.47499996423721313,0.0
map,-1.4449999332427979,-0.47499996423721313,0.0
map,-0.6449999809265137,-0.47499996423721313,0.0
map,-0.5949999690055847,-0.47499996423721313,0.0
map,-0.5449999570846558,-0.47499996423721313,0.0
map,-0.4949999749660492,-0.47499996423721313,0.0
map,-0.44499996304512024,-0.47499996423721313,0.0
map,-0.3949999511241913,-0.47499996423721313,0.0
map,0.45500004291534424,-0.47499996423721313,0.0
map,0.5050000548362732,-0.47499996423721313,0.0
map,0.5550000667572021,-0.47499996423721313,0.0
map,0.6050000786781311,-0.47499996423721313,0.0
map,0.6550000309944153,-0.47499996423721313,0.0
map,0.7050000429153442,-0.47499996423721313,0.0
map,1.505000114440918,-0.47499996423721313,0.0
map,1.5550000667572021,-0.47499996423721313,0.0
map,1.6050000190734863,-0.47499996423721313,0.0
map,1.65500009059906,-0.47499996423721313,0.0
map,1.7050000429153442,-0.47499996423721313,0.0
map,1.755000114440918,-0.47499996423721313,0.0
map,1.8050000667572021,-0.47499996423721313,0.0
map,1.8550000190734863,-0.47499996423721313,0.0
map,1.90500009059906,-0.47499996423721313,0.0
map,1.9550000429153442,-0.47499996423721313,0.0
map,2.005000114440918,-0.47499996423721313,0.0
map,2.055000066757202,-0.47499996423721313,0.0
map,-2.0450000762939453,-0.42499998211860657,0.0
map,-1.9950000047683716,-0.42499998211860657,0.0
map,-1.9449999332427979,-0.42499998211860657,0.0
map,-1.8949999809265137,-0.42499998211860657,0.0
map,-1.8450000286102295,-0.42499998211860657,0.0
map,-1.7949999570846558,-0.42499998211860657,0.0
map,-1.7450000047683716,-0.42499998211860657,0.0
map,-1.6949999332427979,-0.42499998211860657,0.0
map,-1.6449999809265137,-0.42499998211860657,0.0
map,-1.5950000286102295,-0.42499998211860657,0.0
map,-1.5449999570846558,-0.42499998211860657,0.0
map,-1.4950000047683716,-0.42499998211860657,0.0
map,-0.5949999690055847,-0.42499998211860657,0.0
map,-0.5449999570846558,-0.42499998211860657,0.0
map,-0.4949999749660492,-0.42499998211860657,0.0
map,-0.44499996304512024,-0.42499998211860657,0.0
map,0.5050000548362732,-0.42499998211860657,0.0
map,0.5550000667572021,-0.42499998211860657,0.0
map,0.6050000786781311,-0.42499998211860657,0.0
map,0.6550000309944153,-0.42499998211860657,0.0
map,1.5550000667572021,-0.42499998211860657,0.0
map,1.6050000190734863,-0.42499998211860657,0.0
map,1.65500009059906,-0.42499998211860657,0.0
map,1.7050000429153442,-0.42499998211860657,0.0
map,1.755000114440918,-0.42499998211860657,0.0
map,1.8050000667572021,-0.42499998211860657,0.0
map,1.8550000190734863,-0.42499998211860657,0.0
map,1.90500009059906,-0.42499998211860657,0.0
map,1.9550000429153442,-0.42499998211860657,0.0
map,2.005000114440918,-0.42499998211860657,0.0
map,2.055000066757202,-0.42499998211860657,0.0
map,-2.0950000286102295,-0.3749999701976776,0.0
map,-2.0450000762939453,-0.3749999701976776,0.0
map,-1.9950000047683716,-0.3749999701976776,0.0
map,-1.9449999332427979,-0.3749999701976776,0.0
map,-1.8949999809265137,-0.3749999701976776,0.0
map,-1.8450000286102295,-0.3749999701976776,0.0
map,-1.7949999570846558,-0.3749999701976776,0.0
map,-1.7450000047683716,-0.3749999701976776,0.0
map,-1.6949999332427979,-0.3749999701976776,0.0
map,-1.6449999809265137,-0.3749999701976776,0.0
map,-1.5950000286102295,-0.3749999701976776,0.0
map,-1.5449999570846558,-0.3749999701976776,0.0
map,-0.5449999570846558,-0.3749999701976776,0.0
map,-0.4949999749660492,-0.3749999701976776,0.0
map,0.5550000667572021,-0.3749999701976776,0.0
map,0.6050000786781311,-0.3749999701976776,0.0
map,1.6050000190734863,-0.3749999701976776,0.0
map,1.65500009059906,-0.3749999701976776,0.0
map,1.7050000429153442,-0.3749999701976776,0.0
map,1.755000114440918,-0.3749999701976776,0.0
map,1.8050000667572021,-0.3749999701976776,0.0
map,1.8550000190734863,-0.3749999701976776,0.0
map,1.90500009059906,-0.3749999701976776,0.0
map,1.9550000429153442,-0.3749999701976776,0.0
map,2.005000114440918,-0.3749999701976776,0.0
map,-2.0950000286102295,-0.32499995827674866,0.0
map,-2.0450000762939453,-0.32499995827674866,0.0
map,-1.9950000047683716,-0.32499995827674866,0.0
map,-1.9449999332427979,-0.32499995827674866,0.0
map,-1.8949999809265137,-0.32499995827674866,0.0
map,-1.8450000286102295,-0.32499995827674866,0.0
map,-1.7949999570846558,-0.32499995827674866,0.0
map,-1.7450000047683716,-0.32499995827674866,0.0
map,-1.6949999332427979,-0.32499995827674866,0.0
map,-1.6449999809265137,-0.32499995827674866,0.0
map,-1.5950000286102295,-0.32499995827674866,0.0
map,-0.5449999570846558,-0.32499995827674866,0.0
map,-0.4949999749660492,-0.32499995827674866,0.0
map,0.5550000667572021,-0.32499995827674866,0.0
map,0.6050000786781311,-0.32499995827674866,0.0
map,1.65500009059906,-0.32499995827674866,0.0
map,1.7050000429153442,-0.32499995827674866,0.0
map,1.755000114440918,-0.32499995827674866,0.0
map,1.8050000667572021,-0.32499995827674866,0.0
map,1.8550000190734863,-0.32499995827674866,0.0
map,1.90500009059906,-0.32499995827674866,0.0
map,1.9550000429153442,-0.32499995827674866,0.0
map,2.005000114440918,-0.32499995827674866,0.0
map,-2.1449999809265137,-0.2749999761581421,0.0
map,-2.0950000286102295,-0.2749999761581421,0.0
map,-2.0450000762939453,-0.2749999761581421,0.0
map,-1.9950000047683716,-0.2749999761581421,0.0
map,-1.9449999332427979,-0.2749999761581421,0.0
map,-1.8949999809265137,-0.2749999761581421,0.0
map,-1.8450000286102295,-0.2749999761581421,0.0
map,-1.7949999570846558,-0.2749999761581421,0.0
map,-1.7450000047683716,-0.2749999761581421,0.0
map,-1.6949999332427979,-0.2749999761581421,0.0
map,-1.6449999809265137,-0.2749999761581421,0.0
map,-1.5950000286102295,-0.2749999761581421,0.0
map,1.65500009059906,-0.2749999761581421,0.0
map,1.7050000429153442,-0.2749999761581421,0.0
map,1.755000114440918,-0.2749999761581421,0.0
map,1.8050000667572021,-0.2749999761581421,0.0
map,1.8550000190734863,-0.2749999761581421,0.0
map,1.90500009059906,-0.2749999761581421,0.0
map,1.9550000429153442,-0.2749999761581421,0.0
map,-2.194999933242798,-0.22499996423721313,0.0
map,-2.1449999809265137,-0.22499996423721313,0.0
map,-2.0950000286102295,-0.22499996423721313,0.0
map,-2.0450000762939453,-0.22499996423721313,0.0
map,-1.9950000047683716,-0.22499996423721313,0.0
map,-1.9449999332427979,-0.22499996423721313,0.0
map,-1.8949999809265137,-0.22499996423721313,0.0
map,-1.8450000286102295,-0.22499996423721313,0.0
map,-1.7949999570846558,-0.22499996423721313,0.0
map,-1.7450000047683716,-0.22499996423721313,0.0
map,-1.6949999332427979,-0.22499996423721313,0.0
map,-1.6449999809265137,-0.22499996423721313,0.0
map,1.7050000429153442,-0.22499996423721313,0.0
map,1.755000114440918,-0.22499996423721313,0.0
map,1.8050000667572021,-0.22499996423721313,0.0
map,1.8550000190734863,-0.22499996423721313,0.0
map,1.90500009059906,-0.22499996423721313,0.0
map,1.9550000429153442,-0.22499996423721313,0.0
map,-2.194999933242798,-0.17499996721744537,0.0
map,-2.1449999809265137,-0.17499996721744537,0.0
map,-2.0950000286102295,-0.17499996721744537,0.0
map,-2.0450000762939453,-0.17499996721744537,0.0
map,-1.9950000047683716,-0.17499996721744537,0.0
map,-1.9449999332427979,-0.17499996721744537,0.0
map,-1.8949999809265137,-0.17499996721744537,0.0
map,-1.8450000286102295,-0.17499996721744537,0.0
map,-1.7949999570846558,-0.17499996721744537,0.0
map,-1.7450000047683716,-0.17499996721744537,0.0
map,-1.6949999332427979,-0.17499996721744537,0.0
map,-1.6449999809265137,-0.17499996721744537,0.0
map,1.7050000429153442,-0.17499996721744537,0.0
map,1.755000114440918,-0.17499996721744537,0.0
map,1.8050000667572021,-0.17499996721744537,0.0
map,1.8550000190734863,-0.17499996721744537,0.0
map,1.90500009059906,-0.17499996721744537,0.0
map,-2.244999885559082,-0.12499996274709702,0.0
map,-2.194999933242798,-0.12499996274709702,0.0
map,-2.1449999809265137,-0.12499996274709702,0.0
map,-2.0950000286102295,-0.12499996274709702,0.0
map,-2.0450000762939453,-0.12499996274709702,0.0
map,-1.9950000047683716,-0.12499996274709702,0.0
map,-1.9449999332427979,-0.12499996274709702,0.0
map,-1.8949999809265137,-0.12499996274709702,0.0
map,-1.8450000286102295,-0.12499996274709702,0.0
map,-1.7949999570846558,-0.12499996274709702,0.0
map,-1.7450000047683716,-0.12499996274709702,0.0
map,-1.6949999332427979,-0.12499996274709702,0.0
map,-1.6449999809265137,-0.12499996274709702,0.0
map,1.755000114440918,-0.12499996274709702,0.0
map,1.8050000667572021,-0.12499996274709702,0.0
map,1.8550000190734863,-0.12499996274709702,0.0
map,1.90500009059906,-0.12499996274709702,0.0
map,-2.2950000762939453,-0.07499996572732925,0.0
map,-2.244999885559082,-0.07499996572732925,0.0
map,-2.194999933242798,-0.07499996572732925,0.0
map,-2.1449999809265137,-0.07499996572732925,0.0
map,-2.0950000286102295,-0.07499996572732925,0.0
map,-2.0450000762939453,-0.07499996572732925,0.0
map,-1.9950000047683716,-0.07499996572732925,0.0
map,-1.9449999332427979,-0.07499996572732925,0.0
map,-1.8949999809265137,-0.07499996572732925,0.0
map,-1.8450000286102295,-0.07499996572732925,0.0
map,-1.7949999570846558,-0.07499996572732925,0.0
map,-1.7450000047683716,-0.07499996572732925,0.0
map,-1.6949999332427979,-0.07499996572732925,0.0
map,-1.6449999809265137,-0.07499996572732925,0.0
map,1.755000114440918,-0.07499996572732925,0.0
map,1.8050000667572021,-0.07499996572732925,0.0
map,1.8550000190734863,-0.07499996572732925,0.0
map,1.90500009059906,-0.07499996572732925,0.0
map,-2.2950000762939453,-0.024999961256980896,0.0
map,-2.244999885559082,-0.024999961256980896,0.0
map,-2.194999933242798,-0.024999961256980896,0.0
map,-2.1449999809265137,-0.024999961256980896,0.0
map,-2.0950000286102295,-0.024999961256980896,0.0
map,-2.0450000762939453,-0.024999961256980896,0.0
map,-1.9950000047683716,-0.024999961256980896,0.0
map,-1.9449999332427979,-0.024999961256980896,0.0
map,-1.8949999809265137,-0.024999961256980896,0.0
map,-1.8450000286102295,-0.024999961256980896,0.0
map,-1.7949999570846558,-0.024999961256980896,0.0
map,-1.7450000047683716,-0.024999961256980896,0.0
map,-1.6949999332427979,-0.024999961256980896,0.0
map,-1.6449999809265137,-0.024999961256980896,0.0
map,1.755000114440918,-0.024999961256980896,0.0
map,1.8050000667572021,-0.024999961256980896,0.0
map,1.8550000190734863,-0.024999961256980896,0.0
map,1.90500009059906,-0.024999961256980896,0.0
map,-2.2950000762939453,0.025000039488077164,0.0
map,-2.244999885559082,0.025000039488077164,0.0
map,-2.194999933242798,0.025000039488077164,0.0
map,-2.1449999809265137,0.025000039488077164,0.0
map,-2.0950000286102295,0.025000039488077164,0.0
map,-2.0450000762939453,0.025000039488077164,0.0
map,-1.9950000047683716,0.025000039488077164,0.0
map,-1.9449999332427979,0.025000039488077164,0.0
map,-1.8949999809265137,0.025000039488077164,0.0
map,-1.8450000286102295,0.025000039488077164,0.0
map,-1.7949999570846558,0.025000039488077164,0.0
map,-1.7450000047683716,0.025000039488077164,0.0
map,-1.6949999332427979,0.025000039488077164,0.0
map,-1.6449999809265137,0.025000039488077164,0.0
map,1.755000114440918,0.025000039488077164,0.0
map,1.8050000667572021,0.025000039488077164,0.0
map,1.8550000190734863,0.025000039488077164,0.0
map,1.90500009059906,0.025000039488077164,0.0
map,-2.2950000762939453,0.07500004023313522,0.0
map,-2.244999885559082,0.07500004023313522,0.0
map,-2.194999933242798,0.07500004023313522,0.0
map,-2.1449999809265137,0.07500004023313522,0.0
map,-2.0950000286102295,0.07500004023313522,0.0
map,-2.0450000762939453,0.07500004023313522,0.0
map,-1.9950000047683716,0.07500004023313522,0.0
map,-1.9449999332427979,0.07500004023313522,0.0
map,-1.8949999809265137,0.07500004023313522,0.0
map,-1.8450000286102295,0.07500004023313522,0.0
map,-1.7949999570846558,0.07500004023313522,0.0
map,-1.7450000047683716,0.07500004023313522,0.0
map,-1.6949999332427979,0.07500004023313522,0.0
map,-1.6449999809265137,0.07500004023313522,0.0
map,1.755000114440918,0.07500004023313522,0.0
map,1.8050000667572021,0.07500004023313522,0.0
map,1.8550000190734863,0.07500004023313522,0.0
map,1.90500009059906,0.07500004023313522,0.0
map,-2.244999885559082,0.12500004470348358,0.0
map,-2.194999933242798,0.12500004470348358,0.0
map,-2.1449999809265137,0.12500004470348358,0.0
map,-2.0950000286102295,0.12500004470348358,0.0
map,-2.0450000762939453,0.12500004470348358,0.0
map,-1.9950000047683716,0.12500004470348358,0.0
map,-1.9449999332427979,0.12500004470348358,0.0
map,-1.8949999809265137,0.12500004470348358,0.0
map,-1.8450000286102295,0.12500004470348358,0.0
map,-1.7949999570846558,0.12500004470348358,0.0
map,-1.7450000047683716,0.12500004470348358,0.0
map,-1.6949999332427979,0.12500004470348358,0.0
map,-1.6449999809265137,0.12500004470348358,0.0
map,1.755000114440918,0.12500004470348358,0.0
map,1.8050000667572021,0.12500004470348358,0.0
map,1.8550000190734863,0.12500004470348358,0.0
map,1.90500009059906,0.12500004470348358,0.0
map,-2.244999885559082,0.17500004172325134,0.0
map,-2.194999933242798,0.17500004172325134,0.0
map,-2.1449999809265137,0.17500004172325134,0.0
map,-2.0950000286102295,0.17500004172325134,0.0
map,-2.0450000762939453,0.17500004172325134,0.0
map,-1.9950000047683716,0.17500004172325134,0.0
map,-1.9449999332427979,0.17500004172325134,0.0
map,-1.8949999809265137,0.17500004172325134,0.0
map,-1.8450000286102295,0.17500004172325134,0.0
map,-1.7949999570846558,0.17500004172325134,0.0
map,-1.7450000047683716,0.17500004172325134,0.0
map,-1.6949999332427979,0.17500004172325134,0.0
map,-1.6449999809265137,0.17500004172325134,0.0
map,1.755000114440918,0.17500004172325134,0.0
map,1.8050000667572021,0.17500004172325134,0.0
map,1.8550000190734863,0.17500004172325134,0.0
map,1.90500009059906,0.17500004172325134,0.0
map,-2.194999933242798,0.2250000387430191,0.0
map,-2.1449999809265137,0.2250000387430191,0.0
map,-2.0950000286102295,0.2250000387430191,0.0
map,-2.0450000762939453,0.2250000387430191,0.0
map,-1.9950000047683716,0.2250000387430191,0.0
map,-1.9449999332427979,0.2250000387430191,0.0
map,-1.8949999809265137,0.2250000387430191,0.0
map,-1.8450000286102295,0.2250000387430191,0.0
map,-1.7949999570846558,0.2250000387430191,0.0
map,-1.7450000047683716,0.2250000387430191,0.0
map,-1.6949999332427979,0.2250000387430191,0.0
map,-1.6449999809265137,0.2250000387430191,0.0
map,1.7050000429153442,0.2250000387430191,0.0
map,1.755000114440918,0.2250000387430191,0.0
map,1.8050000667572021,0.2250000387430191,0.0
map,1.8550000190734863,0.2250000387430191,0.0
map,1.90500009059906,0.2250000387430191,0.0
map,-2.1449999809265137,0.27500003576278687,0.0
map,-2.0950000286102295,0.27500003576278687,0.0
map,-2.0450000762939453,0.27500003576278687,0.0
map,-1.9950000047683716,0.27500003576278687,0.0
map,-1.9449999332427979,0.27500003576278687,0.0
map,-1.8949999809265137,0.27500003576278687,0.0
map,-1.8450000286102295,0.27500003576278687,0.0
map,-1.7949999570846558,0.27500003576278687,0.0
map,-1.7450000047683716,0.27500003576278687,0.0
map,-1.6949999332427979,0.27500003576278687,0.0
map,-1.6449999809265137,0.27500003576278687,0.0
map,-1.5950000286102295,0.27500003576278687,0.0
map,1.7050000429153442,0.27500003576278687,0.0
map,1.755000114440918,0.27500003576278687,0.0
map,1.8050000667572021,0.27500003576278687,0.0
map,1.8550000190734863,0.27500003576278687,0.0
map,1.90500009059906,0.27500003576278687,0.0
map,1.9550000429153442,0.27500003576278687,0.0
map,-2.1449999809265137,0.3250000476837158,0.0
map,-2.0950000286102295,0.3250000476837158,0.0
map,-2.0450000762939453,0.3250000476837158,0.0
map,-1.9950000047683716,0.3250000476837158,0.0
map,-1.9449999332427979,0.3250000476837158,0.0
map,-1.8949999809265137,0.3250000476837158,0.0
map,-1.8450000286102295,0.3250000476837158,0.0
map,-1.7949999570846558,0.3250000476837158,0.0
map,-1.7450000047683716,0.3250000476837158,0.0
map,-1.6949999332427979,0.3250000476837158,0.0
map,-1.6449999809265137,0.3250000476837158,0.0
map,-1.5950000286102295,0.3250000476837158,0.0
map,-0.5449999570846558,0.3250000476837158,0.0
map,-0.4949999749660492,0.3250000476837158,0.0
map,0.5550000667572021,0.3250000476837158,0.0
map,0.6050000786781311,0.3250000476837158,0.0
map,1.65500009059906,0.3250000476837158,0.0
map,1.7050000429153442,0.3250000476837158,0.0
map,1.755000114440918,0.3250000476837158,0.0
map,1.8050000667572021,0.3250000476837158,0.0
map,1.8550000190734863,0.3250000476837158,0.0
map,1.90500009059906,0.3250000476837158,0.0
map,1.9550000429153442,0.3250000476837158,0.0
map,-2.0950000286102295,0.3750000298023224,0.0
map,-2.0450000762939453,0.3750000298023224,0.0
map,-1.9950000047683716,0.3750000298023224,0.0
map,-1.9449999332427979,0.3750000298023224,0.0
map,-1.8949999809265137,0.3750000298023224,0.0
map,-1.8450000286102295,0.3750000298023224,0.0
map,-1.7949999570846558,0.3750000298023224,0.0
map,-1.7450000047683716,0.3750000298023224,0.0
map,-1.6949999332427979,0.3750000298023224,0.0
map,-1.6449999809265137,0.3750000298023224,0.0
map,-1.5950000286102295,0.3750000298023224,0.0
map,-1.5449999570846558,0.3750000298023224,0.0
map,-0.5449999570846558,0.3750000298023224,0.0
map,-0.4949999749660492,0.3750000298023224,0.0
map,0.5550000667572021,0.3750000298023224,0.0
map,0.6050000786781311,0.3750000298023224,0.0
map,1.65500009059906,0.3750000298023224,0.0
map,1.7050000429153442,0.3750000298023224,0.0
map,1.755000114440918,0.3750000298023224,0.0
map,1.8050000667572021,0.3750000298023224,0.0
map,1.8550000190734863,0.3750000298023224,0.0
map,1.90500009059906,0.3750000298023224,0.0
map,1.9550000429153442,0.3750000298023224,0.0
map,2.005000114440918,0.3750000298023224,0.0
map,-2.0950000286102295,0.42500004172325134,0.0
map,-2.0450000762939453,0.42500004172325134,0.0
map,-1.9950000047683716,0.42500004172325134,0.0
map,-1.9449999332427979,0.42500004172325134,0.0
map,-1.8949999809265137,0.42500004172325134,0.0
map,-1.8450000286102295,0.42500004172325134,0.0
map,-1.7949999570846558,0.42500004172325134,0.0
map,-1.7450000047683716,0.42500004172325134,0.0
map,-1.6949999332427979,0.42500004172325134,0.0
map,-1.6449999809265137,0.42500004172325134,0.0
map,-1.5950000286102295,0.42500004172325134,0.0
map,-1.5449999570846558,0.42500004172325134,0.0
map,-1.4950000047683716,0.42500004172325134,0.0
map,-0.5949999690055847,0.42500004172325134,0.0
map,-0.5449999570846558,0.42500004172325134,0.0
map,-0.4949999749660492,0.42500004172325134,0.0
map,-0.44499996304512024,0.42500004172325134,0.0
map,0.5050000548362732,0.42500004172325134,0.0
map,0.5550000667572021,0.42500004172325134,0.0
map,0.6050000786781311,0.42500004172325134,0.0
map,0.6550000309944153,0.42500004172325134,0.0
map,1.6050000190734863,0.42500004172325134,0.0
map,1.65500009059906,0.42500004172325134,0.0
map,1.7050000429153442,0.42500004172325134,0.0
map,1.755000114440918,0.42500004172325134,0.0
map,1.8050000667572021,0.42500004172325134,0.0
map,1.8550000190734863,0.42500004172325134,0.0
map,1.90500009059906,0.42500004172325134,0.0
map,1.9550000429153442,0.42500004172325134,0.0
map,2.005000114440918,0.42500004172325134,0.0
map,2.055000066757202,0.42500004172325134,0.0
map,-2.0450000762939453,0.4750000536441803,0.0
map,-1.9950000047683716,0.4750000536441803,0.0
map,-1.9449999332427979,0.4750000536441803,0.0
map,-1.8949999809265137,0.4750000536441803,0.0
map,-1.8450000286102295,0.4750000536441803,0.0
map,-1.7949999570846558,0.4750000536441803,0.0
map,-1.7450000047683716,0.4750000536441803,0.0
map,-1.6949999332427979,0.4750000536441803,0.0
map,-1.6449999809265137,0.4750000536441803,0.0
map,-1.5950000286102295,0.4750000536441803,0.0
map,-1.5449999570846558,0.4750000536441803,0.0
map,-1.4950000047683716,0.4750000536441803,0.0
map,-1.4449999332427979,0.4750000536441803,0.0
map,-0.6449999809265137,0.4750000536441803,0.0
map,-0.5949999690055847,0.4750000536441803,0.0
map,-0.5449999570846558,0.4750000536441803,0.0
map,-0.4949999749660492,0.4750000536441803,0.0
map,-0.44499996304512024,0.4750000536441803,0.0
map,-0.3949999511241913,0.4750000536441803,0.0
map,0.45500004291534424,0.4750000536441803,0.0
map,0.5050000548362732,0.4750000536441803,0.0
map,0.5550000667572021,0.4750000536441803,0.0
map,0.6050000786781311,0.4750000536441803,0.0
map,0.6550000309944153,0.4750000536441803,0.0
map,0.7050000429153442,0.4750000536441803,0.0
map,1.5550000667572021,0.4750000536441803,0.0
map,1.6050000190734863,0.4750000536441803,0.0
map,1.65500009059906,0.4750000536441803,0.0
map,1.7050000429153442,0.4750000536441803,0.0
map,1.755000114440918,0.4750000536441803,0.0
map,1.8050000667572021,0.4750000536441803,0.0
map,1.8550000190734863,0.4750000536441803,0.0
map,1.90500009059906,0.4750000536441803,0.0
map,1.9550000429153442,0.4750000536441803,0.0
map,2.005000114440918,0.4750000536441803,0.0
map,2.055000066757202,0.4750000536441803,0.0
map,-1.9950000047683716,0.5250000357627869,0.0
map,-1.9449999332427979,0.5250000357627869,0.0
map,-1.8949999809265137,0.5250000357627869,0.0
map,-1.8450000286102295,0.5250000357627869,0.0
map,-1.7949999570846558,0.5250000357627869,0.0
map,-1.7450000047683716,0.5250000357627869,0.0
map,-1.6949999332427979,0.5250000357627869,0.0
map,-1.6449999809265137,0.5250000357627869,0.0
map,-1.5950000286102295,0.5250000357627869,0.0
map,-1.5449999570846558,0.5250000357627869,0.0
map,-1.4950000047683716,0.5250000357627869,0.0
map,-1.4449999332427979,0.5250000357627869,0.0
map,-1.3949999809265137,0.5250000357627869,0.0
map,-0.7449999451637268,0.5250000357627869,0.0
map,-0.6949999928474426,0.5250000357627869,0.0
map,-0.6449999809265137,0.5250000357627869,0.0
map,-0.5949999690055847,0.5250000357627869,0.0
map,-0.5449999570846558,0.5250000357627869,0.0
map,-0.4949999749660492,0.5250000357627869,0.0
map,-0.44499996304512024,0.5250000357627869,0.0
map,-0.3949999511241913,0.5250000357627869,0.0
map,-0.3449999690055847,0.5250000357627869,0.0
map,-0.29499995708465576,0.5250000357627869,0.0
map,0.3550000488758087,0.5250000357627869,0.0
map,0.40500006079673767,0.5250000357627869,0.0
map,0.45500004291534424,0.5250000357627869,0.0
map,0.5050000548362732,0.5250000357627869,0.0
map,0.5550000667572021,0.5250000357627869,0.0
map,0.6050000786781311,0.5250000357627869,0.0
map,0.6550000309944153,0.5250000357627869,0.0
map,0.7050000429153442,0.5250000357627869,0.0
map,0.7550000548362732,0.5250000357627869,0.0
map,0.8050000667572021,0.5250000357627869,0.0
map,1.505000114440918,0.5250000357627869,0.0
map,1.5550000667572021,0.5250000357627869,0.0
map,1.6050000190734863,0.5250000357627869,0.0
map,1.65500009059906,0.5250000357627869,0.0
map,1.7050000429153442,0.5250000357627869,0.0
map,1.755000114440918,0.5250000357627869,0.0
map,1.8050000667572021,0.5250000357627869,0.0
map,1.8550000190734863,0.5250000357627869,0.0
map,1.90500009059906,0.5250000357627869,0.0
map,1.9550000429153442,0.5250000357627869,0.0
map,2.005000114440918,0.5250000357627869,0.0
map,2.055000066757202,0.5250000357627869,0.0
map,2.1050000190734863,0.5250000357627869,0.0
map,-1.9950000047683716,0.5750000476837158,0.0
map,-1.9449999332427979,0.5750000476837158,0.0
map,-1.8949999809265137,0.5750000476837158,0.0
map,-1.8450000286102295,0.5750000476837158,0.0
map,-1.7949999570846558,0.5750000476837158,0.0
map,-1.7450000047683716,0.5750000476837158,0.0
map,-1.6949999332427979,0.5750000476837158,0.0
map,-1.6449999809265137,0.5750000476837158,0.0
map,-1.5950000286102295,0.5750000476837158,0.0
map,-1.5449999570846558,0.5750000476837158,0.0
map,-1.4950000047683716,0.5750000476837158,0.0
map,-1.4449999332427979,0.5750000476837158,0.0
map,-1.3949999809265137,0.5750000476837158,0.0
map,-0.6949999928474426,0.5750000476837158,0.0
map,-0.6449999809265137,0.5750000476837158,0.0
map,-0.5949999690055847,0.5750000476837158,0.0
map,-0.5449999570846558,0.5750000476837158,0.0
map,-0.4949999749660492,0.5750000476837158,0.0
map,-0.44499996304512024,0.5750000476837158,0.0
map,-0.3949999511241913,0.5750000476837158,0.0
map,-0.3449999690055847,0.5750000476837158,0.0
map,-0.29499995708465576,0.5750000476837158,0.0
map,0.3550000488758087,0.5750000476837158,0.0
map,0.40500006079673767,0.5750000476837158,0.0
map,0.45500004291534424,0.5750000476837158,0.0
map,0.5050000548362732,0.5750000476837158,0.0
map,0.5550000667572021,0.5750000476837158,0.0
map,0.6050000786781311,0.5750000476837158,0.0
map,0.6550000309944153,0.5750000476837158,0.0
map,0.7050000429153442,0.5750000476837158,0.0
map,0.7550000548362732,0.5750000476837158,0.0
map,0.8050000667572021,0.5750000476837158,0.0
map,1.40500009059906,0.5750000476837158,0.0
map,1.4550000429153442,0.5750000476837158,0.0
map,1.505000114440918,0.5750000476837158,0.0
map,1.5550000667572021,0.5750000476837158,0.0
map,1.6050000190734863,0.5750000476837158,0.0
map,1.65500009059906,0.5750000476837158,0.0
map,1.7050000429153442,0.5750000476837158,0.0
map,1.755000114440918,0.5750000476837158,0.0
map,1.8050000667572021,0.5750000476837158,0.0
map,1.8550000190734863,0.5750000476837158,0.0
map,1.90500009059906,0.5750000476837158,0.0
map,1.9550000429153442,0.5750000476837158,0.0
map,2.005000114440918,0.5750000476837158,0.0
map,2.055000066757202,0.5750000476837158,0.0
map,-1.9449999332427979,0.6250000596046448,0.0
map,-1.8949999809265137,0.6250000596046448,0.0
map,-1.8450000286102295,0.6250000596046448,0.0
map,-1.7949999570846558,0.6250000596046448,0.0
map,-1.7450000047683716,0.6250000596046448,0.0
map,-1.6949999332427979,0.6250000596046448,0.0
map,-1.6449999809265137,0.6250000596046448,0.0
map,-1.5950000286102295,0.6250000596046448,0.0
map,-1.5449999570846558,0.6250000596046448,0.0
map,-1.4950000047683716,0.6250000596046448,0.0
map,-0.6449999809265137,0.6250000596046448,0.0
map,-0.5949999690055847,0.6250000596046448,0.0
map,-0.5449999570846558,0.6250000596046448,0.0
map,-0.4949999749660492,0.6250000596046448,0.0
map,-0.44499996304512024,0.6250000596046448,0.0
map,-0.3949999511241913,0.6250000596046448,0.0
map,0.45500004291534424,0.6250000596046448,0.0
map,0.5050000548362732,0.6250000596046448,0.0
map,0.5550000667572021,0.6250000596046448,0.0
map,0.6050000786781311,0.6250000596046448,0.0
map,0.6550000309944153,0.6250000596046448,0.0
map,0.7050000429153442,0.6250000596046448,0.0
map,1.505000114440918,0.6250000596046448,0.0
map,1.5550000667572021,0.6250000596046448,0.0
map,1.6050000190734863,0.6250000596046448,0.0
map,1.65500009059906,0.6250000596046448,0.0
map,1.7050000429153442,0.6250000596046448,0.0
map,1.755000114440918,0.6250000596046448,0.0
map,1.8050000667572021,0.6250000596046448,0.0
map,1.8550000190734863,0.6250000596046448,0.0
map,1.90500009059906,0.6250000596046448,0.0
map,1.9550000429153442,0.6250000596046448,0.0
map,2.005000114440918,0.6250000596046448,0.0
map,2.055000066757202,0.6250000596046448,0.0
map,-1.9449999332427979,0.6750000715255737,0.0
map,-1.8949999809265137,0.6750000715255737,0.0
map,-1.8450000286102295,0.6750000715255737,0.0
map,-1.7949999570846558,0.6750000715255737,0.0
map,-1.7450000047683716,0.6750000715255737,0.0
map,-1.6949999332427979,0.6750000715255737,0.0
map,-1.6449999809265137,0.6750000715255737,0.0
map,-1.5950000286102295,0.6750000715255737,0.0
map,-1.5449999570846558,0.6750000715255737,0.0
map,-0.5949999690055847,0.6750000715255737,0.0
map,-0.5449999570846558,0.6750000715255737,0.0
map,-0.4949999749660492,0.6750000715255737,0.0
map,-0.44499996304512024,0.6750000715255737,0.0
map,0.5050000548362732,0.6750000715255737,0.0
map,0.5550000667572021,0.6750000715255737,0.0
map,0.6050000786781311,0.6750000715255737,0.0
map,0.6550000309944153,0.6750000715255737,0.0
map,1.5550000667572021,0.6750000715255737,0.0
map,1.6050000190734863,0.6750000715255737,0.0
map,1.65500009059906,0.6750000715255737,0.0
map,1.7050000429153442,0.6750000715255737,0.0
map,1.755000114440918,0.6750000715255737,0.0
map,1.8050000667572021,0.6750000715255737,0.0
map,1.8550000190734863,0.6750000715255737,0.0
map,1.90500009059906,0.6750000715255737,0.0
map,1.9550000429153442,0.6750000715255737,0.0
map,2.005000114440918,0.6750000715255737,0.0
map,-1.8949999809265137,0.7250000238418579,0.0
map,-1.8450000286102295,0.7250000238418579,0.0
map,-1.7949999570846558,0.7250000238418579,0.0
map,-1.7450000047683716,0.7250000238418579,0.0
map,-1.6949999332427979,0.7250000238418579,0.0
map,-1.6449999809265137,0.7250000238418579,0.0
map,-1.5950000286102295,0.7250000238418579,0.0
map,-0.5449999570846558,0.7250000238418579,0.0
map,-0.4949999749660492,0.7250000238418579,0.0
map,0.5550000667572021,0.7250000238418579,0.0
map,0.6050000786781311,0.7250000238418579,0.0
map,1.6050000190734863,0.7250000238418579,0.0
map,1.65500009059906,0.7250000238418579,0.0
map,1.7050000429153442,0.7250000238418579,0.0
map,1.755000114440918,0.7250000238418579,0.0
map,1.8050000667572021,0.7250000238418579,0.0
map,1.8550000190734863,0.7250000238418579,0.0
map,1.90500009059906,0.7250000238418579,0.0
map,1.9550000429153442,0.7250000238418579,0.0
map,2.005000114440918,0.7250000238418579,0.0
map,-1.8949999809265137,0.7750000357627869,0.0
map,-1.8450000286102295,0.7750000357627869,0.0
map,-1.7949999570846558,0.7750000357627869,0.0
map,-1.7450000047683716,0.7750000357627869,0.0
map,-1.6949999332427979,0.7750000357627869,0.0
map,-1.6449999809265137,0.7750000357627869,0.0
map,-1.5950000286102295,0.7750000357627869,0.0
map,-0.5449999570846558,0.7750000357627869,0.0
map,-0.4949999749660492,0.7750000357627869,0.0
map,0.5550000667572021,0.7750000357627869,0.0
map,0.6050000786781311,0.7750000357627869,0.0
map,1.65500009059906,0.7750000357627869,0.0
map,1.7050000429153442,0.7750000357627869,0.0
map,1.755000114440918,0.7750000357627869,0.0
map,1.8050000667572021,0.7750000357627869,0.0
map,1.8550000190734863,0.7750000357627869,0.0
map,1.90500009059906,0.7750000357627869,0.0
map,1.9550000429153442,0.7750000357627869,0.0
map,-1.8450000286102295,0.8250000476837158,0.0
map,-1.7949999570846558,0.8250000476837158,0.0
map,-1.7450000047683716,0.8250000476837158,0.0
map,-1.6949999332427979,0.8250000476837158,0.0
map,-1.6449999809265137,0.8250000476837158,0.0
map,1.65500009059906,0.8250000476837158,0.0
map,1.7050000429153442,0.8250000476837158,0.0
map,1.755000114440918,0.8250000476837158,0.0
map,1.8050000667572021,0.8250000476837158,0.0
map,1.8550000190734863,0.8250000476837158,0.0
map,1.90500009059906,0.8250000476837158,0.0
map,1.9550000429153442,0.8250000476837158,0.0
map,-1.8450000286102295,0.8750000596046448,0.0
map,-1.7949999570846558,0.8750000596046448,0.0
map,-1.7450000047683716,0.8750000596046448,0.0
map,-1.6949999332427979,0.8750000596046448,0.0
map,-1.6449999809265137,0.8750000596046448,0.0
map,1.7050000429153442,0.8750000596046448,0.0
map,1.755000114440918,0.8750000596046448,0.0
map,1.8050000667572021,0.8750000596046448,0.0
map,1.8550000190734863,0.8750000596046448,0.0
map,1.90500009059906,0.8750000596046448,0.0
map,-1.7949999570846558,0.9250000715255737,0.0
map,-1.7450000047683716,0.9250000715255737,0.0
map,-1.6949999332427979,0.9250000715255737,0.0
map,-1.6449999809265137,0.9250000715255737,0.0
map,1.7050000429153442,0.9250000715255737,0.0
map,1.755000114440918,0.9250000715255737,0.0
map,1.8050000667572021,0.9250000715255737,0.0
map,1.8550000190734863,0.9250000715255737,0.0
map,-1.7450000047683716,0.9750000238418579,0.0
map,-1.6949999332427979,0.9750000238418579,0.0
map,-1.6449999809265137,0.9750000238418579,0.0
map,1.7050000429153442,0.9750000238418579,0.0
map,1.755000114440918,0.9750000238418579,0.0
map,1.8050000667572021,0.9750000238418579,0.0
map,1.8550000190734863,0.9750000238418579,0.0
map,-1.7450000047683716,1.0250000953674316,0.0
map,-1.6949999332427979,1.0250000953674316,0.0
map,-1.6449999809265137,1.0250000953674316,0.0
map,1.7050000429153442,1.0250000953674316,0.0
map,1.755000114440918,1.0250000953674316,0.0
map,1.8050000667572021,1.0250000953674316,0.0
map,-1.6949999332427979,1.0750000476837158,0.0
map,-1.6449999809265137,1.0750000476837158,0.0
map,1.7050000429153442,1.0750000476837158,0.0
map,1.755000114440918,1.0750000476837158,0.0
map,1.8050000667572021,1.0750000476837158,0.0
map,-1.6949999332427979,1.125,0.0
map,-1.6449999809265137,1.125,0.0
map,1.7050000429153442,1.125,0.0
map,1.755000114440918,1.125,0.0
map,-1.6449999809265137,1.1750000715255737,0.0
map,1.7050000429153442,1.1750000715255737,0.0
map,-1.6449999809265137,1.225000023841858,0.0
map,1.7050000429153442,1.225000023841858,0.0
map,-0.5449999570846558,1.4250000715255737,0.0
map,-0.4949999749660492,1.4250000715255737,0.0
map,0.5550000667572021,1.4250000715255737,0.0
map,0.6050000786781311,1.4250000715255737,0.0
map,-0.5449999570846558,1.475000023841858,0.0
map,-0.4949999749660492,1.475000023841858,0.0
map,0.5550000667572021,1.475000023841858,0.0
map,0.6050000786781311,1.475000023841858,0.0
map,-0.5949999690055847,1.5250000953674316,0.0
map,-0.5449999570846558,1.5250000953674316,0.0
map,-0.4949999749660492,1.5250000953674316,0.0
map,-0.44499996304512024,1.5250000953674316,0.0
map,0.5050000548362732,1.5250000953674316,0.0
map,0.5550000667572021,1.5250000953674316,0.0
map,0.6050000786781311,1.5250000953674316,0.0
map,0.6550000309944153,1.5250000953674316,0.0
map,-0.6449999809265137,1.5750000476837158,0.0
map,-0.5949999690055847,1.5750000476837158,0.0
map,-0.5449999570846558,1.5750000476837158,0.0
map,-0.4949999749660492,1.5750000476837158,0.0
map,-0.44499996304512024,1.5750000476837158,0.0
map,-0.3949999511241913,1.5750000476837158,0.0
map,0.45500004291534424,1.5750000476837158,0.0
map,0.5050000548362732,1.5750000476837158,0.0
map,0.5550000667572021,1.5750000476837158,0.0
map,0.6050000786781311,1.5750000476837158,0.0
map,0.6550000309944153,1.5750000476837158,0.0
map,0.7050000429153442,1.5750000476837158,0.0
map,1.505000114440918,1.5750000476837158,0.0
map,-0.7449999451637268,1.6250001192092896,0.0
map,-0.6949999928474426,1.6250001192092896,0.0
map,-0.6449999809265137,1.6250001192092896,0.0
map,-0.5949999690055847,1.6250001192092896,0.0
map,-0.5449999570846558,1.6250001192092896,0.0
map,-0.4949999749660492,1.6250001192092896,0.0
map,-0.44499996304512024,1.6250001192092896,0.0
map,-0.3949999511241913,1.6250001192092896,0.0
map,-0.3449999690055847,1.6250001192092896,0.0
map,-0.29499995708465576,1.6250001192092896,0.0
map,0.3550000488758087,1.6250001192092896,0.0
map,0.40500006079673767,1.6250001192092896,0.0
map,0.45500004291534424,1.6250001192092896,0.0
map,0.5050000548362732,1.6250001192092896,0.0
map,0.5550000667572021,1.6250001192092896,0.0
map,0.6050000786781311,1.6250001192092896,0.0
map,0.6550000309944153,1.6250001192092896,0.0
map,0.7050000429153442,1.6250001192092896,0.0
map,0.7550000548362732,1.6250001192092896,0.0
map,0.8050000667572021,1.6250001192092896,0.0
map,-0.9949999451637268,1.6750000715255737,0.0
map,-0.9449999928474426,1.6750000715255737,0.0
map,-0.8949999809265137,1.6750000715255737,0.0
map,-0.8449999690055847,1.6750000715255737,0.0
map,-0.7949999570846558,1.6750000715255737,0.0
map,-0.7449999451637268,1.6750000715255737,0.0
map,-0.6949999928474426,1.6750000715255737,0.0
map,-0.6449999809265137,1.6750000715255737,0.0
map,-0.5949999690055847,1.6750000715255737,0.0
map,-0.5449999570846558,1.6750000715255737,0.0
map,-0.4949999749660492,1.6750000715255737,0.0
map,-0.44499996304512024,1.6750000715255737,0.0
map,-0.3949999511241913,1.6750000715255737,0.0
map,-0.3449999690055847,1.6750000715255737,0.0
map,-0.29499995708465576,1.6750000715255737,0.0
map,-0.244999960064888,1.6750000715255737,0.0
map,-0.19499996304512024,1.6750000715255737,0.0
map,0.2550000548362732,1.6750000715255737,0.0
map,0.30500003695487976,1.6750000715255737,0.0
map,0.3550000488758087,1.6750000715255737,0.0
map,0.40500006079673767,1.6750000715255737,0.0
map,0.45500004291534424,1.6750000715255737,0.0
map,0.5050000548362732,1.6750000715255737,0.0
map,0.5550000667572021,1.6750000715255737,0.0
map,0.6050000786781311,1.6750000715255737,0.0
map,0.6550000309944153,1.6750000715255737,0.0
map,0.7050000429153442,1.6750000715255737,0.0
map,0.7550000548362732,1.6750000715255737,0.0
map,0.8050000667572021,1.6750000715255737,0.0
map,0.8550000786781311,1.6750000715255737,0.0
map,0.9050000309944153,1.6750000715255737,0.0
map,-0.9449999928474426,1.725000023841858,0.0
map,-0.8949999809265137,1.725000023841858,0.0
map,-0.8449999690055847,1.725000023841858,0.0
map,-0.7949999570846558,1.725000023841858,0.0
map,-0.7449999451637268,1.725000023841858,0.0
map,-0.6949999928474426,1.725000023841858,0.0
map,-0.6449999809265137,1.725000023841858,0.0
map,-0.5949999690055847,1.725000023841858,0.0
map,-0.5449999570846558,1.725000023841858,0.0
map,-0.4949999749660492,1.725000023841858,0.0
map,-0.44499996304512024,1.725000023841858,0.0
map,-0.3949999511241913,1.725000023841858,0.0
map,-0.3449999690055847,1.725000023841858,0.0
map,-0.29499995708465576,1.725000023841858,0.0
map,-0.244999960064888,1.725000023841858,0.0
map,-0.19499996304512024,1.725000023841858,0.0
map,-0.14499996602535248,1.725000023841858,0.0
map,-0.09499996155500412,1.725000023841858,0.0
map,-0.04499995708465576,1.725000023841858,0.0
map,0.005000043660402298,1.725000023841858,0.0
map,0.05500004440546036,1.725000023841858,0.0
map,0.10500004142522812,1.725000023841858,0.0
map,0.15500004589557648,1.725000023841858,0.0
map,0.20500004291534424,1.725000023841858,0.0
map,0.2550000548362732,1.725000023841858,0.0
map,0.30500003695487976,1.725000023841858,0.0
map,0.3550000488758087,1.725000023841858,0.0
map,0.40500006079673767,1.725000023841858,0.0
map,0.45500004291534424,1.725000023841858,0.0
map,0.5050000548362732,1.725000023841858,0.0
map,0.5550000667572021,1.725000023841858,0.0
map,0.6050000786781311,1.725000023841858,0.0
map,0.6550000309944153,1.725000023841858,0.0
map,0.7050000429153442,1.725000023841858,0.0
map,0.7550000548362732,1.725000023841858,0.0
map,0.8050000667572021,1.725000023841858,0.0
map,0.8550000786781311,1.725000023841858,0.0
map,0.9050000309944153,1.725000023841858,0.0
map,0.9550000429153442,1.725000023841858,0.0
map,1.005000114440918,1.725000023841858,0.0
map,1.0550000667572021,1.725000023841858,0.0
map,-0.9449999928474426,1.7750000953674316,0.0
map,-0.8949999809265137,1.7750000953674316,0.0
map,-0.8449999690055847,1.7750000953674316,0.0
map,-0.7949999570846558,1.7750000953674316,0.0
map,-0.7449999451637268,1.7750000953674316,0.0
map,-0.6949999928474426,1.7750000953674316,0.0
map,-0.6449999809265137,1.7750000953674316,0.0
map,-0.5949999690055847,1.7750000953674316,0.0
map,-0.5449999570846558,1.7750000953674316,0.0
map,-0.4949999749660492,1.7750000953674316,0.0
map,-0.44499996304512024,1.7750000953674316,0.0
map,-0.3949999511241913,1.7750000953674316,0.0
map,-0.3449999690055847,1.7750000953674316,0.0
map,-0.29499995708465576,1.7750000953674316,0.0
map,-0.244999960064888,1.7750000953674316,0.0
map,-0.19499996304512024,1.7750000953674316,0.0
map,-0.14499996602535248,1.7750000953674316,0.0
map,-0.09499996155500412,1.7750000953674316,0.0
map,-0.04499995708465576,1.7750000953674316,0.0
map,0.005000043660402298,1.7750000953674316,0.0
map,0.05500004440546036,1.7750000953674316,0.0
map,0.10500004142522812,1.7750000953674316,0.0
map,0.15500004589557648,1.7750000953674316,0.0
map,0.20500004291534424,1.7750000953674316,0.0
map,0.2550000548362732,1.7750000953674316,0.0
map,0.30500003695487976,1.7750000953674316,0.0
map,0.3550000488758087,1.7750000953674316,0.0
map,0.40500006079673767,1.7750000953674316,0.0
map,0.45500004291534424,1.7750000953674316,0.0
map,0.5050000548362732,1.7750000953674316,0.0
map,0.5550000667572021,1.7750000953674316,0.0
map,0.6050000786781311,1.7750000953674316,0.0
map,0.6550000309944153,1.7750000953674316,0.0
map,0.7050000429153442,1.7750000953674316,0.0
map,0.7550000548362732,1.7750000953674316,0.0
map,0.8050000667572021,1.7750000953674316,0.0
map,0.8550000786781311,1.7750000953674316,0.0
map,0.9050000309944153,1.7750000953674316,0.0
map,0.9550000429153442,1.7750000953674316,0.0
map,1.005000114440918,1.7750000953674316,0.0
map,-0.8949999809265137,1.8250000476837158,0.0
map,-0.8449999690055847,1.8250000476837158,0.0
map,-0.7949999570846558,1.8250000476837158,0.0
map,-0.7449999451637268,1.8250000476837158,0.0
map,-0.6949999928474426,1.8250000476837158,0.0
map,-0.6449999809265137,1.8250000476837158,0.0
map,-0.5949999690055847,1.8250000476837158,0.0
map,-0.5449999570846558,1.8250000476837158,0.0
map,-0.4949999749660492,1.8250000476837158,0.0
map,-0.44499996304512024,1.8250000476837158,0.0
map,-0.3949999511241913,1.8250000476837158,0.0
map,-0.3449999690055847,1.8250000476837158,0.0
map,-0.29499995708465576,1.8250000476837158,0.0
map,-0.244999960064888,1.8250000476837158,0.0
map,-0.19499996304512024,1.8250000476837158,0.0
map,-0.14499996602535248,1.8250000476837158,0.0
map,-0.09499996155500412,1.8250000476837158,0.0
map,-0.04499995708465576,1.8250000476837158,0.0
map,0.005000043660402298,1.8250000476837158,0.0
map,0.05500004440546036,1.8250000476837158,0.0
map,0.10500004142522812,1.8250000476837158,0.0
map,0.15500004589557648,1.8250000476837158,0.0
map,0.20500004291534424,1.8250000476837158,0.0
map,0.2550000548362732,1.8250000476837158,0.0
map,0.30500003695487976,1.8250000476837158,0.0
map,0.3550000488758087,1.8250000476837158,0.0
map,0.40500006079673767,1.8250000476837158,0.0
map,0.45500004291534424,1.8250000476837158,0.0
map,0.5050000548362732,1.8250000476837158,0.0
map,0.5550000667572021,1.8250000476837158,0.0
map,0.6050000786781311,1.8250000476837158,0.0
map,0.6550000309944153,1.8250000476837158,0.0
map,0.7050000429153442,1.8250000476837158,0.0
map,0.7550000548362732,1.8250000476837158,0.0
map,0.8050000667572021,1.8250000476837158,0.0
map,0.8550000786781311,1.8250000476837158,0.0
map,0.9050000309944153,1.8250000476837158,0.0
map,0.9550000429153442,1.8250000476837158,0.0
map,-0.8449999690055847,1.8750001192092896,0.0
map,-0.7949999570846558,1.8750001192092896,0.0
map,-0.7449999451637268,1.8750001192092896,0.0
map,-0.6949999928474426,1.8750001192092896,0.0
map,-0.6449999809265137,1.8750001192092896,0.0
map,-0.5949999690055847,1.8750001192092896,0.0
map,-0.5449999570846558,1.8750001192092896,0.0
map,-0.4949999749660492,1.8750001192092896,0.0
map,-0.44499996304512024,1.8750001192092896,0.0
map,-0.3949999511241913,1.8750001192092896,0.0
map,-0.3449999690055847,1.8750001192092896,0.0
map,-0.29499995708465576,1.8750001192092896,0.0
map,-0.244999960064888,1.8750001192092896,0.0
map,-0.19499996304512024,1.8750001192092896,0.0
map,-0.14499996602535248,1.8750001192092896,0.0
map,-0.09499996155500412,1.8750001192092896,0.0
map,-0.04499995708465576,1.8750001192092896,0.0
map,0.005000043660402298,1.8750001192092896,0.0
map,0.05500004440546036,1.8750001192092896,0.0
map,0.10500004142522812,1.8750001192092896,0.0
map,0.15500004589557648,1.8750001192092896,0.0
map,0.20500004291534424,1.8750001192092896,0.0
map,0.2550000548362732,1.8750001192092896,0.0
map,0.30500003695487976,1.8750001192092896,0.0
map,0.3550000488758087,1.8750001192092896,0.0
map,0.40500006079673767,1.8750001192092896,0.0
map,0.45500004291534424,1.8750001192092896,0.0
map,0.5050000548362732,1.8750001192092896,0.0
map,0.5550000667572021,1.8750001192092896,0.0
map,0.6050000786781311,1.8750001192092896,0.0
map,0.6550000309944153,1.8750001192092896,0.0
map,0.7050000429153442,1.8750001192092896,0.0
map,0.7550000548362732,1.8750001192092896,0.0
map,0.8050000667572021,1.8750001192092896,0.0
map,0.8550000786781311,1.8750001192092896,0.0
map,0.9050000309944153,1.8750001192092896,0.0
map,0.9550000429153442,1.8750001192092896,0.0
map,-0.8449999690055847,1.9250000715255737,0.0
map,-0.7949999570846558,1.9250000715255737,0.0
map,-0.7449999451637268,1.9250000715255737,0.0
map,-0.6949999928474426,1.9250000715255737,0.0
map,-0.6449999809265137,1.9250000715255737,0.0
map,-0.5949999690055847,1.9250000715255737,0.0
map,-0.5449999570846558,1.9250000715255737,0.0
map,-0.4949999749660492,1.9250000715255737,0.0
map,-0.44499996304512024,1.9250000715255737,0.0
map,-0.3949999511241913,1.9250000715255737,0.0
map,-0.3449999690055847,1.9250000715255737,0.0
map,-0.29499995708465576,1.9250000715255737,0.0
map,-0.244999960064888,1.9250000715255737,0.0
map,-0.19499996304512024,1.9250000715255737,0.0
map,-0.14499996602535248,1.9250000715255737,0.0
map,-0.09499996155500412,1.9250000715255737,0.0
map,-0.04499995708465576,1.9250000715255737,0.0
map,0.005000043660402298,1.9250000715255737,0.0
map,0.05500004440546036,1.9250000715255737,0.0
map,0.10500004142522812,1.9250000715255737,0.0
map,0.15500004589557648,1.9250000715255737,0.0
map,0.20500004291534424,1.9250000715255737,0.0
map,0.2550000548362732,1.9250000715255737,0.0
map,0.30500003695487976,1.9250000715255737,0.0
map,0.3550000488758087,1.9250000715255737,0.0
map,0.40500006079673767,1.9250000715255737,0.0
map,0.45500004291534424,1.9250000715255737,0.0
map,0.5050000548362732,1.9250000715255737,0.0
map,0.5550000667572021,1.9250000715255737,0.0
map,0.6050000786781311,1.9250000715255737,0.0
map,0.6550000309944153,1.9250000715255737,0.0
map,0.7050000429153442,1.9250000715255737,0.0
map,0.7550000548362732,1.9250000715255737,0.0
map,0.8050000667572021,1.9250000715255737,0.0
map,0.8550000786781311,1.9250000715255737,0.0
map,0.9050000309944153,1.9250000715255737,0.0
map,-0.7949999570846558,1.975000023841858,0.0
map,-0.7449999451637268,1.975000023841858,0.0
map,-0.6949999928474426,1.975000023841858,0.0
map,-0.6449999809265137,1.975000023841858,0.0
map,-0.5949999690055847,1.975000023841858,0.0
map,-0.5449999570846558,1.975000023841858,0.0
map,-0.4949999749660492,1.975000023841858,0.0
map,-0.44499996304512024,1.975000023841858,0.0
map,-0.3949999511241913,1.975000023841858,0.0
map,-0.3449999690055847,1.975000023841858,0.0
map,-0.29499995708465576,1.975000023841858,0.0
map,-0.244999960064888,1.975000023841858,0.0
map,-0.19499996304512024,1.975000023841858,0.0
map,-0.14499996602535248,1.975000023841858,0.0
map,-0.09499996155500412,1.975000023841858,0.0
map,-0.04499995708465576,1.975000023841858,0.0
map,0.005000043660402298,1.975000023841858,0.0
map,0.05500004440546036,1.975000023841858,0.0
map,0.10500004142522812,1.975000023841858,0.0
map,0.15500004589557648,1.975000023841858,0.0
map,0.20500004291534424,1.975000023841858,0.0
map,0.2550000548362732,1.975000023841858,0.0
map,0.30500003695487976,1.975000023841858,0.0
map,0.3550000488758087,1.975000023841858,0.0
map,0.40500006079673767,1.975000023841858,0.0
map,0.45500004291534424,1.975000023841858,0.0
map,0.5050000548362732,1.975000023841858,0.0
map,0.5550000667572021,1.975000023841858,0.0
map,0.6050000786781311,1.975000023841858,0.0
map,0.6550000309944153,1.975000023841858,0.0
map,0.7050000429153442,1.975000023841858,0.0
map,0.7550000548362732,1.975000023841858,0.0
map,0.8050000667572021,1.975000023841858,0.0
map,0.8550000786781311,1.975000023841858,0.0
map,0.9050000309944153,1.975000023841858,0.0
map,-0.7949999570846558,2.0250000953674316,0.0
map,-0.7449999451637268,2.0250000953674316,0.0
map,-0.6949999928474426,2.0250000953674316,0.0
map,-0.6449999809265137,2.0250000953674316,0.0
map,-0.5949999690055847,2.0250000953674316,0.0
map,-0.5449999570846558,2.0250000953674316,0.0
map,-0.4949999749660492,2.0250000953674316,0.0
map,-0.44499996304512024,2.0250000953674316,0.0
map,-0.3949999511241913,2.0250000953674316,0.0
map,-0.3449999690055847,2.0250000953674316,0.0
map,-0.29499995708465576,2.0250000953674316,0.0
map,-0.244999960064888,2.0250000953674316,0.0
map,-0.19499996304512024,2.0250000953674316,0.0
map,-0.14499996602535248,2.0250000953674316,0.0
map,-0.09499996155500412,2.0250000953674316,0.0
map,-0.04499995708465576,2.0250000953674316,0.0
map,0.005000043660402298,2.0250000953674316,0.0
map,0.05500004440546036,2.0250000953674316,0.0
map,0.10500004142522812,2.0250000953674316,0.0
map,0.15500004589557648,2.0250000953674316,0.0
map,0.20500004291534424,2.0250000953674316,0.0
map,0.2550000548362732,2.0250000953674316,0.0
map,0.30500003695487976,2.0250000953674316,0.0
map,0.3550000488758087,2.0250000953674316,0.0
map,0.40500006079673767,2.0250000953674316,0.0
map,0.45500004291534424,2.0250000953674316,0.0
map,0.5050000548362732,2.0250000953674316,0.0
map,0.5550000667572021,2.0250000953674316,0.0
map,0.6050000786781311,2.0250000953674316,0.0
map,0.6550000309944153,2.0250000953674316,0.0
map,0.7050000429153442,2.0250000953674316,0.0
map,0.7550000548362732,2.0250000953674316,0.0
map,0.8050000667572021,2.0250000953674316,0.0
map,0.8550000786781311,2.0250000953674316,0.0
map,-0.7449999451637268,2.075000047683716,0.0
map,-0.6949999928474426,2.075000047683716,0.0
map,-0.6449999809265137,2.075000047683716,0.0
map,-0.5949999690055847,2.075000047683716,0.0
map,-0.5449999570846558,2.075000047683716,0.0
map,-0.4949999749660492,2.075000047683716,0.0
map,-0.44499996304512024,2.075000047683716,0.0
map,-0.3949999511241913,2.075000047683716,0.0
map,-0.3449999690055847,2.075000047683716,0.0
map,-0.29499995708465576,2.075000047683716,0.0
map,-0.244999960064888,2.075000047683716,0.0
map,-0.19499996304512024,2.075000047683716,0.0
map,-0.14499996602535248,2.075000047683716,0.0
map,-0.09499996155500412,2.075000047683716,0.0
map,-0.04499995708465576,2.075000047683716,0.0
map,0.005000043660402298,2.075000047683716,0.0
map,0.05500004440546036,2.075000047683716,0.0
map,0.10500004142522812,2.075000047683716,0.0
map,0.15500004589557648,2.075000047683716,0.0
map,0.20500004291534424,2.075000047683716,0.0
map,0.2550000548362732,2.075000047683716,0.0
map,0.30500003695487976,2.075000047683716,0.0
map,0.3550000488758087,2.075000047683716,0.0
map,0.40500006079673767,2.075000047683716,0.0
map,0.45500004291534424,2.075000047683716,0.0
map,0.5050000548362732,2.075000047683716,0.0
map,0.5550000667572021,2.075000047683716,0.0
map,0.6050000786781311,2.075000047683716,0.0
map,0.6550000309944153,2.075000047683716,0.0
map,0.7050000429153442,2.075000047683716,0.0
map,0.7550000548362732,2.075000047683716,0.0
map,0.8050000667572021,2.075000047683716,0.0
